slide_id,subject_UID,subject_organ_UID,EXP_ID,GROUP_ID,INDIVIDUAL_ID,COMPOUND_NAME,compound_name_clean,compound_folder_name,ORGAN,FILE_LOCATION,CAPTURE_NO,SPECIES,SINGLE_REPEAT_TYPE,ADMINISTRATION_ROUTE_TYPE,ANIMAL_AGE(week),SACRIFICE_PERIOD,DOSE,DOSE_UNIT,bad_UID,findings,abnormal,HasHypertrophy,Location,Severity
33953,0366_15_4,0366_15_4_L,366,15,4,imipramine,imipramine,imipramine,Liver,/data/RBS_PA_CPGARCHIVE/archives/toxicology/open-tg-gates/images/imipramine/Liver/33953.svs,1/1,Rat,Repeat,Gavage,6,15 day,100,mg/kg,False,"[['Hypertrophy', 'Hepatocyte', 'slight', False], ['Vacuolization: cytoplasmic', 'Kupffer cell', 'minimal', False]]",1,1,Hepatocyte,slight
70830,0606_16_1,0606_16_1_L,606,16,1,puromycin aminonucleoside,puromycin_aminonucleoside,puromycin_aminonucleoside,Liver,/data/RBS_PA_CPGARCHIVE/archives/toxicology/open-tg-gates/images/puromycin_aminonucleoside/Liver/70830.svs,1/1,Rat,Single,intravenous injection,6,24 hr,120,mg/kg,False,"[['Hypertrophy', 'Centrilobular', 'slight', False]]",1,1,Centrilobular,slight
46835,0117_16_2,0117_16_2_L,117,16,2,thioacetamide,thioacetamide,thioacetamide,Liver,/data/RBS_PA_CPGARCHIVE/archives/toxicology/open-tg-gates/images/thioacetamide/Liver/46835.svs,1/1,Rat,Repeat,Gavage,6,29 day,45,mg/kg,False,"[['Alteration: nuclear', nan, 'severe', False], ['Cellular foci', nan, 'slight', False], ['Degeneration: granular: eosinophilic', nan, 'severe', False], ['Fibrosis', 'Centrilobular', 'minimal', False], ['Hypertrophy', 'Centrilobular', 'moderate', False], ['Proliferation: bile duct', nan, 'moderate', False], ['Proliferation: oval cell', nan, 'slight', False]]",1,1,Centrilobular,moderate
41523,0510_16_4,0510_16_4_L,510,16,4,acarbose,acarbose,acarbose,Liver,/data/RBS_PA_CPGARCHIVE/archives/toxicology/open-tg-gates/images/acarbose/Liver/41523.svs,1/1,Rat,Single,Gavage,6,24 hr,1000,mg/kg,False,[],0,0,,
65135,0712_01_1,0712_01_1_L,712,1,1,2-nitrofluorene,2_nitrofluorene,2-nitrofluorene,Liver,/data/RBS_PA_CPGARCHIVE/archives/toxicology/open-tg-gates/images/2-nitrofluorene/Liver/65135.svs,1/1,Rat,Single,Gavage,6,24 hr,0,mg/kg,False,[],0,0,,
64307,0687_16_4,0687_16_4_L,687,16,4,butylated hydroxyanisole,butylated_hydroxyanisole,butylated_hydroxyanisole,Liver,/data/RBS_PA_CPGARCHIVE/archives/toxicology/open-tg-gates/images/butylated_hydroxyanisole/Liver/64307.svs,1/1,Rat,Single,Gavage,6,24 hr,2000,mg/kg,False,[],0,0,,
47884,0492_14_2,0492_14_2_L,492,14,2,disulfiram,disulfiram,disulfiram,Liver,/data/RBS_PA_CPGARCHIVE/archives/toxicology/open-tg-gates/images/disulfiram/Liver/47884.svs,1/1,Rat,Repeat,Gavage,6,8 day,600,mg/kg,False,"[['Hypertrophy', 'Centrilobular', 'slight', False]]",1,1,Centrilobular,slight
13741,0304_15_4,0304_15_4_L,304,15,4,ethinylestradiol,ethinylestradiol,ethinylestradiol,Liver,/data/RBS_PA_CPGARCHIVE/archives/toxicology/open-tg-gates/images/ethinylestradiol/Liver/13741.svs,1/1,Rat,Single,Gavage,6,9 hr,10,mg/kg,False,[],0,0,,
64843,0691_01_5,0691_01_5_L,691,1,5,amphotericin B,amphotericin_B,amphotericin_B,Liver,/data/RBS_PA_CPGARCHIVE/archives/toxicology/open-tg-gates/images/amphotericin_B/Liver/64843.svs,1/1,Rat,Repeat,intravenous injection,6,4 day,0,mg/kg,False,[],0,0,,
25675,0093_16_1,0093_16_1_L,93,16,1,phenobarbital,phenobarbital,phenobarbital,Liver,/data/RBS_PA_CPGARCHIVE/archives/toxicology/open-tg-gates/images/phenobarbital/Liver/25675.svs,1/1,Rat,Repeat,Gavage,6,29 day,100,mg/kg,False,"[['Ground glass appearance', 'Centrilobular', 'moderate', False], ['Hypertrophy', 'Centrilobular', 'severe', False]]",1,1,Centrilobular,severe
47932,0492_16_2,0492_16_2_L,492,16,2,disulfiram,disulfiram,disulfiram,Liver,/data/RBS_PA_CPGARCHIVE/archives/toxicology/open-tg-gates/images/disulfiram/Liver/47932.svs,1/1,Rat,Repeat,Gavage,6,29 day,600,mg/kg,False,"[['Hypertrophy', 'Centrilobular', 'slight', False]]",1,1,Centrilobular,slight
59004,0480_01_1,0480_01_1_L,480,1,1,phalloidin,phalloidin,phalloidin,Liver,/data/RBS_PA_CPGARCHIVE/archives/toxicology/open-tg-gates/images/phalloidin/Liver/59004.svs,1/1,Rat,Single,intraperitoneal injection,6,3 hr,0,mg/kg,False,[],0,0,,
71057,0454_01_5,0454_01_5_L,454,1,5,cycloheximide,cycloheximide,cycloheximide,Liver,/data/RBS_PA_CPGARCHIVE/archives/toxicology/open-tg-gates/images/cycloheximide/Liver/71057.svs,1/1,Rat,Single,intravenous injection,6,3 hr,0,mg/kg,False,[],0,0,,
6082,0155_14_5,0155_14_5_L,155,14,5,benzbromarone,benzbromarone,benzbromarone,Liver,/data/RBS_PA_CPGARCHIVE/archives/toxicology/open-tg-gates/images/benzbromarone/Liver/6082.svs,1/1,Rat,Repeat,Gavage,6,8 day,200,mg/kg,False,"[['Ground glass appearance', 'Centrilobular', 'minimal', False], ['Hypertrophy', 'Centrilobular', 'moderate', False]]",1,1,Centrilobular,moderate
59010,0480_01_2,0480_01_2_L,480,1,2,phalloidin,phalloidin,phalloidin,Liver,/data/RBS_PA_CPGARCHIVE/archives/toxicology/open-tg-gates/images/phalloidin/Liver/59010.svs,1/1,Rat,Single,intraperitoneal injection,6,3 hr,0,mg/kg,False,[],0,0,,
9196,0273_16_4,0273_16_4_L,273,16,4,fluphenazine,fluphenazine,fluphenazine,Liver,/data/RBS_PA_CPGARCHIVE/archives/toxicology/open-tg-gates/images/fluphenazine/Liver/9196.svs,1/1,Rat,Single,Gavage,6,24 hr,20,mg/kg,False,[],0,0,,
31124,0242_15_4,0242_15_4_L,242,15,4,methyltestosterone,methyltestosterone,methyltestosterone,Liver,/data/RBS_PA_CPGARCHIVE/archives/toxicology/open-tg-gates/images/methyltestosterone/Liver/31124.svs,1/1,Rat,Repeat,Gavage,6,15 day,300,mg/kg,False,"[['Hypertrophy', 'Hepatocyte', 'minimal', False]]",1,1,Hepatocyte,minimal
58663,0454_02_1,0454_02_1_L,454,2,1,cycloheximide,cycloheximide,cycloheximide,Liver,/data/RBS_PA_CPGARCHIVE/archives/toxicology/open-tg-gates/images/cycloheximide/Liver/58663.svs,1/1,Rat,Single,intravenous injection,6,6 hr,0,mg/kg,False,[],0,0,,
34465,0319_16_1,0319_16_1_L,319,16,1,iproniazid,iproniazid,iproniazid,Liver,/data/RBS_PA_CPGARCHIVE/archives/toxicology/open-tg-gates/images/iproniazid/Liver/34465.svs,1/1,Rat,Repeat,Gavage,6,29 day,60,mg/kg,False,"[['Deposit: pigment', 'Kupffer cell', 'moderate', False], ['Hematopoiesis: extramedullary', 'Sinusoid', 'slight', False], ['Hypertrophy', 'Hepatocyte', 'slight', False], ['Phagocytosis', 'Kupffer cell', 'slight', False]]",1,1,Hepatocyte,slight
35736,0389_16_2,0389_16_2_L,389,16,2,erythromycin ethylsuccinate,erythromycin_ethylsuccinate,erythromycin_ethylsuccinate,Liver,/data/RBS_PA_CPGARCHIVE/archives/toxicology/open-tg-gates/images/erythromycin_ethylsuccinate/Liver/35736.svs,1/1,Rat,Repeat,Gavage,6,29 day,1000,mg/kg,False,"[['Hypertrophy', 'Centrilobular', 'slight', False]]",1,1,Centrilobular,slight
42323,0525_06_1,0525_06_1_L,525,6,1,triazolam,triazolam,triazolam,Liver,/data/RBS_PA_CPGARCHIVE/archives/toxicology/open-tg-gates/images/triazolam/Liver/42323.svs,1/1,Rat,Repeat,Gavage,6,8 day,100,mg/kg,False,[],0,0,,
38213,0442_16_3,0442_16_3_L,442,16,3,sulindac,sulindac,sulindac,Liver,/data/RBS_PA_CPGARCHIVE/archives/toxicology/open-tg-gates/images/sulindac/Liver/38213.svs,1/1,Rat,Single,Gavage,6,24 hr,150,mg/kg,False,"[['Hypertrophy', 'Periportal', 'minimal', False]]",1,1,Periportal,minimal
38404,0443_02_2,0443_02_2_L,443,2,2,sulindac,sulindac,sulindac,Liver,/data/RBS_PA_CPGARCHIVE/archives/toxicology/open-tg-gates/images/sulindac/Liver/38404.svs,1/1,Rat,Repeat,Gavage,6,8 day,0,mg/kg,False,[],0,0,,
33703,0305_16_1,0305_16_1_L,305,16,1,ethinylestradiol,ethinylestradiol,ethinylestradiol,Liver,/data/RBS_PA_CPGARCHIVE/archives/toxicology/open-tg-gates/images/ethinylestradiol/Liver/33703.svs,1/1,Rat,Repeat,Gavage,6,29 day,10,mg/kg,False,"[['Change: eosinophilic', 'Periportal', 'minimal', False], ['Dilatation', 'Sinusoid', 'minimal', False], ['Hypertrophy', 'Centrilobular', 'minimal', False], ['Vacuolization: cytoplasmic', 'Hepatocyte', 'slight', False]]",1,1,Centrilobular,minimal
33951,0366_15_2,0366_15_2_L,366,15,2,imipramine,imipramine,imipramine,Liver,/data/RBS_PA_CPGARCHIVE/archives/toxicology/open-tg-gates/images/imipramine/Liver/33951.svs,1/1,Rat,Repeat,Gavage,6,15 day,100,mg/kg,False,"[['Hypertrophy', 'Hepatocyte', 'minimal', False], ['Vacuolization: cytoplasmic', 'Kupffer cell', 'minimal', False]]",1,1,Hepatocyte,minimal
10690,0241_16_2,0241_16_2_L,241,16,2,methyltestosterone,methyltestosterone,methyltestosterone,Liver,/data/RBS_PA_CPGARCHIVE/archives/toxicology/open-tg-gates/images/methyltestosterone/Liver/10690.svs,1/1,Rat,Single,Gavage,6,24 hr,300,mg/kg,False,"[['Hypertrophy', 'Hepatocyte', 'minimal', False], ['Increased mitosis', 'Hepatocyte', 'slight', False]]",1,1,Hepatocyte,minimal
64601,0688_16_5,0688_16_5_L,688,16,5,butylated hydroxyanisole,butylated_hydroxyanisole,butylated_hydroxyanisole,Liver,/data/RBS_PA_CPGARCHIVE/archives/toxicology/open-tg-gates/images/butylated_hydroxyanisole/Liver/64601.svs,1/1,Rat,Repeat,Gavage,6,29 day,2000,mg/kg,False,"[['Hypertrophy', 'Centrilobular', 'minimal', False]]",1,1,Centrilobular,minimal
63423,0684_16_3,0684_16_3_L,684,16,3,fluoxetine hydrochloride,fluoxetine_hydrochloride,fluoxetine_hydrochloride,Liver,/data/RBS_PA_CPGARCHIVE/archives/toxicology/open-tg-gates/images/fluoxetine_hydrochloride/Liver/63423.svs,1/1,Rat,Repeat,Gavage,6,29 day,30,mg/kg,False,"[['Hypertrophy', 'Hepatocyte', 'minimal', False], ['Vacuolization: cytoplasmic', 'Hepatocyte', 'minimal', False]]",1,1,Hepatocyte,minimal
7669,0196_10_1,0196_10_1_L,196,10,1,coumarin,coumarin,coumarin,Liver,/data/RBS_PA_CPGARCHIVE/archives/toxicology/open-tg-gates/images/coumarin/Liver/7669.svs,1/1,Rat,Single,Gavage,6,6 hr,50,mg/kg,False,[],0,0,,
59806,0449_08_1,0449_08_1_L,449,8,1,TNF¿,TNF__,TNF¿,Liver,/data/RBS_PA_CPGARCHIVE/archives/toxicology/open-tg-gates/images/TNFa/Liver/59806.svs,1/1,Rat,Single,intraperitoneal injection,6,24 hr,1,Êg/kg,False,[],0,0,,
6004,0155_09_3,0155_09_3_L,155,9,3,benzbromarone,benzbromarone,benzbromarone,Liver,/data/RBS_PA_CPGARCHIVE/archives/toxicology/open-tg-gates/images/benzbromarone/Liver/6004.svs,1/1,Rat,Repeat,Gavage,6,4 day,60,mg/kg,False,"[['Hypertrophy', 'Centrilobular', 'minimal', False]]",1,1,Centrilobular,minimal
6875,0154_16_2,0154_16_2_L,154,16,2,benzbromarone,benzbromarone,benzbromarone,Liver,/data/RBS_PA_CPGARCHIVE/archives/toxicology/open-tg-gates/images/benzbromarone/Liver/6875.svs,1/1,Rat,Single,Gavage,6,24 hr,200,mg/kg,False,"[['Hypertrophy', 'Centrilobular', 'minimal', False]]",1,1,Centrilobular,minimal
47834,0492_12_1,0492_12_1_L,492,12,1,disulfiram,disulfiram,disulfiram,Liver,/data/RBS_PA_CPGARCHIVE/archives/toxicology/open-tg-gates/images/disulfiram/Liver/47834.svs,1/1,Rat,Repeat,Gavage,6,29 day,200,mg/kg,False,"[['Hypertrophy', 'Centrilobular', 'slight', False]]",1,1,Centrilobular,slight
46750,0117_09_5,0117_09_5_L,117,9,5,thioacetamide,thioacetamide,thioacetamide,Liver,/data/RBS_PA_CPGARCHIVE/archives/toxicology/open-tg-gates/images/thioacetamide/Liver/46750.svs,1/1,Rat,Repeat,Gavage,6,4 day,15,mg/kg,False,"[['Change: eosinophilic', 'Hepatocyte', 'minimal', False], ['Hypertrophy', 'Centrilobular', 'minimal', False]]",1,1,Centrilobular,minimal
38222,0462_16_4,0462_16_4_L,462,16,4,disopyramide,disopyramide,disopyramide,Liver,/data/RBS_PA_CPGARCHIVE/archives/toxicology/open-tg-gates/images/disopyramide/Liver/38222.svs,1/1,Rat,Single,Gavage,6,24 hr,400,mg/kg,False,[],0,0,,
63237,0684_01_2,0684_01_2_L,684,1,2,fluoxetine hydrochloride,fluoxetine_hydrochloride,fluoxetine_hydrochloride,Liver,/data/RBS_PA_CPGARCHIVE/archives/toxicology/open-tg-gates/images/fluoxetine_hydrochloride/Liver/63237.svs,1/1,Rat,Repeat,Gavage,6,4 day,0,mg/kg,False,[],0,0,,
62954,0664_07_1,0664_07_1_L,664,7,1,dexamethasone,dexamethasone,dexamethasone,Liver,/data/RBS_PA_CPGARCHIVE/archives/toxicology/open-tg-gates/images/dexamethasone/Liver/62954.svs,1/1,Rat,Single,Gavage,6,9 hr,1,mg/kg,False,[],0,0,,
38535,0463_10_5,0463_10_5_L,463,10,5,disopyramide,disopyramide,disopyramide,Liver,/data/RBS_PA_CPGARCHIVE/archives/toxicology/open-tg-gates/images/disopyramide/Liver/38535.svs,1/1,Rat,Repeat,Gavage,6,8 day,120,mg/kg,False,[],0,0,,
29246,0199_04_2,0199_04_2_L,199,4,2,allopurinol,allopurinol,allopurinol,Liver,/data/RBS_PA_CPGARCHIVE/archives/toxicology/open-tg-gates/images/allopurinol/Liver/29246.svs,1/1,Rat,Repeat,Gavage,6,29 day,0,mg/kg,False,[],0,0,,
6039,0155_11_4,0155_11_4_L,155,11,4,benzbromarone,benzbromarone,benzbromarone,Liver,/data/RBS_PA_CPGARCHIVE/archives/toxicology/open-tg-gates/images/benzbromarone/Liver/6039.svs,1/1,Rat,Repeat,Gavage,6,15 day,60,mg/kg,False,"[['Ground glass appearance', 'Centrilobular', 'minimal', False], ['Hypertrophy', 'Centrilobular', 'slight', False]]",1,1,Centrilobular,slight
46817,0117_14_5,0117_14_5_L,117,14,5,thioacetamide,thioacetamide,thioacetamide,Liver,/data/RBS_PA_CPGARCHIVE/archives/toxicology/open-tg-gates/images/thioacetamide/Liver/46817.svs,1/1,Rat,Repeat,Gavage,6,8 day,45,mg/kg,False,"[['Alteration: nuclear', nan, 'minimal', False], ['Cellular infiltration', nan, 'minimal', False], ['Degeneration: granular: eosinophilic', nan, 'moderate', False], ['Hypertrophy', 'Centrilobular', 'slight', False], ['Single cell necrosis', 'Hepatocyte', 'slight', False]]",1,1,Centrilobular,slight
44595,0535_16_3,0535_16_3_L,535,16,3,meloxicam,meloxicam,meloxicam,Liver,/data/RBS_PA_CPGARCHIVE/archives/toxicology/open-tg-gates/images/meloxicam/Liver/44595.svs,1/1,Rat,Single,Gavage,6,24 hr,100,mg/kg,False,[],0,0,,
38586,0443_16_1,0443_16_1_L,443,16,1,sulindac,sulindac,sulindac,Liver,/data/RBS_PA_CPGARCHIVE/archives/toxicology/open-tg-gates/images/sulindac/Liver/38586.svs,1/1,Rat,Repeat,Gavage,6,29 day,50,mg/kg,False,"[['Hematopoiesis: extramedullary', nan, 'minimal', False], ['Hypertrophy', 'Periportal', 'minimal', False]]",1,1,Periportal,minimal
29061,0197_16_4,0197_16_4_L,197,16,4,coumarin,coumarin,coumarin,Liver,/data/RBS_PA_CPGARCHIVE/archives/toxicology/open-tg-gates/images/coumarin/Liver/29061.svs,1/1,Rat,Repeat,Gavage,6,29 day,150,mg/kg,False,"[['Degeneration: vacuolar', 'Centrilobular', 'slight', False], ['Hypertrophy', 'Centrilobular', 'slight', False], ['Inclusion body: intracytoplasmic', 'Hepatocyte', 'moderate', False], ['Single cell necrosis', 'Hepatocyte', 'minimal', False]]",1,1,Centrilobular,slight
27413,0113_14_5,0113_14_5_L,113,14,5,indomethacin,indomethacin,indomethacin,Liver,/data/RBS_PA_CPGARCHIVE/archives/toxicology/open-tg-gates/images/indomethacin/Liver/27413.svs,1/1,Rat,Repeat,Gavage,6,8 day,5,mg/kg,False,[],0,0,,
20369,0394_16_4,0394_16_4_L,394,16,4,fenofibrate,fenofibrate,fenofibrate,Liver,/data/RBS_PA_CPGARCHIVE/archives/toxicology/open-tg-gates/images/fenofibrate/Liver/20369.svs,1/1,Rat,Single,Gavage,6,24 hr,1000,mg/kg,False,"[['Increased mitosis', 'Hepatocyte', 'minimal', False]]",1,0,,
29059,0197_16_3,0197_16_3_L,197,16,3,coumarin,coumarin,coumarin,Liver,/data/RBS_PA_CPGARCHIVE/archives/toxicology/open-tg-gates/images/coumarin/Liver/29059.svs,1/1,Rat,Repeat,Gavage,6,29 day,150,mg/kg,False,"[['Degeneration: vacuolar', 'Centrilobular', 'slight', False], ['Hypertrophy', 'Centrilobular', 'slight', False], ['Inclusion body: intracytoplasmic', 'Hepatocyte', 'moderate', False], ['Single cell necrosis', 'Hepatocyte', 'minimal', False]]",1,1,Centrilobular,slight
13144,0303_16_4,0303_16_4_L,303,16,4,chlormezanone,chlormezanone,chlormezanone,Liver,/data/RBS_PA_CPGARCHIVE/archives/toxicology/open-tg-gates/images/chlormezanone/Liver/13144.svs,1/1,Rat,Repeat,Gavage,6,29 day,500,mg/kg,False,"[['Hypertrophy', 'Centrilobular', 'moderate', False]]",1,1,Centrilobular,moderate
54392,0602_16_4,0602_16_4_L,602,16,4,cephalothin,cephalothin,cephalothin,Liver,/data/RBS_PA_CPGARCHIVE/archives/toxicology/open-tg-gates/images/cephalothin/Liver/54392.svs,1/1,Rat,Single,intravenous injection,6,24 hr,2000,mg/kg,False,[],0,0,,
63428,0684_16_5,0684_16_5_L,684,16,5,fluoxetine hydrochloride,fluoxetine_hydrochloride,fluoxetine_hydrochloride,Liver,/data/RBS_PA_CPGARCHIVE/archives/toxicology/open-tg-gates/images/fluoxetine_hydrochloride/Liver/63428.svs,1/1,Rat,Repeat,Gavage,6,29 day,30,mg/kg,False,"[['Hypertrophy', 'Hepatocyte', 'minimal', False], ['Vacuolization: cytoplasmic', 'Hepatocyte', 'minimal', False]]",1,1,Hepatocyte,minimal
41773,0511_11_1,0511_11_1_L,511,11,1,acarbose,acarbose,acarbose,Liver,/data/RBS_PA_CPGARCHIVE/archives/toxicology/open-tg-gates/images/acarbose/Liver/41773.svs,1/1,Rat,Repeat,Gavage,6,15 day,300,mg/kg,False,[],0,0,,
54549,0636_06_1,0636_06_1_L,636,6,1,cephalothin,cephalothin,cephalothin,Liver,/data/RBS_PA_CPGARCHIVE/archives/toxicology/open-tg-gates/images/cephalothin/Liver/54549.svs,1/1,Rat,Repeat,intravenous injection,6,8 day,300,mg/kg,False,[],0,0,,
16713,0365_16_2,0365_16_2_L,365,16,2,imipramine,imipramine,imipramine,Liver,/data/RBS_PA_CPGARCHIVE/archives/toxicology/open-tg-gates/images/imipramine/Liver/16713.svs,1/1,Rat,Single,Gavage,6,24 hr,100,mg/kg,False,"[['Hypertrophy', 'Hepatocyte', 'minimal', False]]",1,1,Hepatocyte,minimal
63082,0683_04_1,0683_04_1_L,683,4,1,fluoxetine hydrochloride,fluoxetine_hydrochloride,fluoxetine_hydrochloride,Liver,/data/RBS_PA_CPGARCHIVE/archives/toxicology/open-tg-gates/images/fluoxetine_hydrochloride/Liver/63082.svs,1/1,Rat,Single,Gavage,6,24 hr,0,mg/kg,False,"[['Necrosis', nan, 'minimal', True]]",1,0,,
50256,0597_15_4,0597_15_4_L,597,15,4,phenylanthranilic acid,phenylanthranilic_acid,phenylanthranilic_acid,Liver,/data/RBS_PA_CPGARCHIVE/archives/toxicology/open-tg-gates/images/phenylanthranilic_acid/Liver/50256.svs,1/1,Rat,Single,Gavage,6,9 hr,2000,mg/kg,False,"[['Change: eosinophilic', 'Hepatocyte', 'slight', False], ['Necrosis', 'Hepatocyte', 'P', True]]",1,0,,
25656,0093_14_1,0093_14_1_L,93,14,1,phenobarbital,phenobarbital,phenobarbital,Liver,/data/RBS_PA_CPGARCHIVE/archives/toxicology/open-tg-gates/images/phenobarbital/Liver/25656.svs,1/1,Rat,Repeat,Gavage,6,8 day,100,mg/kg,False,"[['Ground glass appearance', 'Centrilobular', 'minimal', False], ['Hypertrophy', 'Centrilobular', 'moderate', False]]",1,1,Centrilobular,moderate
57377,0427_04_1,0427_04_1_L,427,4,1,theophylline,theophylline,theophylline,Liver,/data/RBS_PA_CPGARCHIVE/archives/toxicology/open-tg-gates/images/theophylline/Liver/57377.svs,1/1,Rat,Single,Gavage,6,24 hr,0,mg/kg,False,[],0,0,,
5843,0155_07_3,0155_07_3_L,155,7,3,benzbromarone,benzbromarone,benzbromarone,Liver,/data/RBS_PA_CPGARCHIVE/archives/toxicology/open-tg-gates/images/benzbromarone/Liver/5843.svs,1/1,Rat,Repeat,Gavage,6,15 day,20,mg/kg,False,"[['Hypertrophy', 'Centrilobular', 'minimal', False]]",1,1,Centrilobular,minimal
46644,0117_02_4,0117_02_4_L,117,2,4,thioacetamide,thioacetamide,thioacetamide,Liver,/data/RBS_PA_CPGARCHIVE/archives/toxicology/open-tg-gates/images/thioacetamide/Liver/46644.svs,1/1,Rat,Repeat,Gavage,6,8 day,0,mg/kg,False,[],0,0,,
13057,0303_08_4,0303_08_4_L,303,8,4,chlormezanone,chlormezanone,chlormezanone,Liver,/data/RBS_PA_CPGARCHIVE/archives/toxicology/open-tg-gates/images/chlormezanone/Liver/13057.svs,1/1,Rat,Repeat,Gavage,6,29 day,50,mg/kg,False,"[['Hypertrophy', 'Centrilobular', 'minimal', False]]",1,1,Centrilobular,minimal
64430,0688_10_3,0688_10_3_L,688,10,3,butylated hydroxyanisole,butylated_hydroxyanisole,butylated_hydroxyanisole,Liver,/data/RBS_PA_CPGARCHIVE/archives/toxicology/open-tg-gates/images/butylated_hydroxyanisole/Liver/64430.svs,1/1,Rat,Repeat,Gavage,6,8 day,1000,mg/kg,False,[],0,0,,
13109,0303_13_4,0303_13_4_L,303,13,4,chlormezanone,chlormezanone,chlormezanone,Liver,/data/RBS_PA_CPGARCHIVE/archives/toxicology/open-tg-gates/images/chlormezanone/Liver/13109.svs,1/1,Rat,Repeat,Gavage,6,4 day,500,mg/kg,False,"[['Hypertrophy', 'Centrilobular', 'minimal', False]]",1,1,Centrilobular,minimal
46747,0117_09_4,0117_09_4_L,117,9,4,thioacetamide,thioacetamide,thioacetamide,Liver,/data/RBS_PA_CPGARCHIVE/archives/toxicology/open-tg-gates/images/thioacetamide/Liver/46747.svs,1/1,Rat,Repeat,Gavage,6,4 day,15,mg/kg,False,"[['Change: eosinophilic', 'Hepatocyte', 'minimal', False], ['Hypertrophy', 'Centrilobular', 'minimal', False]]",1,1,Centrilobular,minimal
35196,0350_15_5,0350_15_5_L,350,15,5,quinidine,quinidine,quinidine,Liver,/data/RBS_PA_CPGARCHIVE/archives/toxicology/open-tg-gates/images/quinidine/Liver/35196.svs,1/1,Rat,Repeat,Gavage,6,15 day,200,mg/kg,False,"[['Hypertrophy', 'Centrilobular', 'slight', False]]",1,1,Centrilobular,slight
47811,0492_11_1,0492_11_1_L,492,11,1,disulfiram,disulfiram,disulfiram,Liver,/data/RBS_PA_CPGARCHIVE/archives/toxicology/open-tg-gates/images/disulfiram/Liver/47811.svs,1/1,Rat,Repeat,Gavage,6,15 day,200,mg/kg,False,"[['Hypertrophy', 'Centrilobular', 'slight', False]]",1,1,Centrilobular,slight
65139,0712_01_2,0712_01_2_L,712,1,2,2-nitrofluorene,2_nitrofluorene,2-nitrofluorene,Liver,/data/RBS_PA_CPGARCHIVE/archives/toxicology/open-tg-gates/images/2-nitrofluorene/Liver/65139.svs,1/1,Rat,Single,Gavage,6,24 hr,0,mg/kg,False,[],0,0,,
13136,0303_16_1,0303_16_1_L,303,16,1,chlormezanone,chlormezanone,chlormezanone,Liver,/data/RBS_PA_CPGARCHIVE/archives/toxicology/open-tg-gates/images/chlormezanone/Liver/13136.svs,1/1,Rat,Repeat,Gavage,6,29 day,500,mg/kg,False,"[['Hypertrophy', 'Centrilobular', 'moderate', False]]",1,1,Centrilobular,moderate
60071,0457_08_1,0457_08_1_L,457,8,1,buthionine sulfoximine,buthionine_sulfoximine,buthionine_sulfoximine,Liver,/data/RBS_PA_CPGARCHIVE/archives/toxicology/open-tg-gates/images/buthionine_sulfoximine/Liver/60071.svs,1/1,Rat,Single,intraperitoneal injection,6,24 hr,150,mg/kg,False,[],0,0,,
33959,0366_16_4,0366_16_4_L,366,16,4,imipramine,imipramine,imipramine,Liver,/data/RBS_PA_CPGARCHIVE/archives/toxicology/open-tg-gates/images/imipramine/Liver/33959.svs,1/1,Rat,Repeat,Gavage,6,29 day,100,mg/kg,False,"[['Hypertrophy', 'Hepatocyte', 'moderate', False], ['Inclusion body: intracytoplasmic', 'Hepatocyte', 'minimal', False], ['Vacuolization: cytoplasmic', 'Hepatocyte', 'slight', False]]",1,1,Hepatocyte,moderate
49497,0542_16_4,0542_16_4_L,542,16,4,chlormadinone,chlormadinone,chlormadinone,Liver,/data/RBS_PA_CPGARCHIVE/archives/toxicology/open-tg-gates/images/chlormadinone/Liver/49497.svs,1/1,Rat,Single,Gavage,6,24 hr,2000,mg/kg,False,[],0,0,,
35733,0389_16_1,0389_16_1_L,389,16,1,erythromycin ethylsuccinate,erythromycin_ethylsuccinate,erythromycin_ethylsuccinate,Liver,/data/RBS_PA_CPGARCHIVE/archives/toxicology/open-tg-gates/images/erythromycin_ethylsuccinate/Liver/35733.svs,1/1,Rat,Repeat,Gavage,6,29 day,1000,mg/kg,False,"[['Hypertrophy', 'Centrilobular', 'slight', False]]",1,1,Centrilobular,slight
62964,0664_08_1,0664_08_1_L,664,8,1,dexamethasone,dexamethasone,dexamethasone,Liver,/data/RBS_PA_CPGARCHIVE/archives/toxicology/open-tg-gates/images/dexamethasone/Liver/62964.svs,1/1,Rat,Single,Gavage,6,24 hr,1,mg/kg,False,"[['Vacuolization: cytoplasmic', 'Periportal', 'minimal', False]]",1,0,,
3650,0098_16_4,0098_16_4_L,98,16,4,clofibrate,clofibrate,clofibrate,Liver,/data/RBS_PA_CPGARCHIVE/archives/toxicology/open-tg-gates/images/clofibrate/Liver/3650.svs,1/1,Rat,Single,Gavage,6,24 hr,300,mg/kg,False,[],0,0,,
35175,0350_15_1,0350_15_1_L,350,15,1,quinidine,quinidine,quinidine,Liver,/data/RBS_PA_CPGARCHIVE/archives/toxicology/open-tg-gates/images/quinidine/Liver/35175.svs,1/1,Rat,Repeat,Gavage,6,15 day,200,mg/kg,False,"[['Hypertrophy', 'Centrilobular', 'slight', False]]",1,1,Centrilobular,slight
42123,0524_16_4,0524_16_4_L,524,16,4,triazolam,triazolam,triazolam,Liver,/data/RBS_PA_CPGARCHIVE/archives/toxicology/open-tg-gates/images/triazolam/Liver/42123.svs,1/1,Rat,Single,Gavage,6,24 hr,1000,mg/kg,False,[],0,0,,
9442,0274_10_5,0274_10_5_L,274,10,5,fluphenazine,fluphenazine,fluphenazine,Liver,/data/RBS_PA_CPGARCHIVE/archives/toxicology/open-tg-gates/images/fluphenazine/Liver/9442.svs,1/1,Rat,Repeat,Gavage,6,8 day,6,mg/kg,False,[],0,0,,
6072,0155_13_5,0155_13_5_L,155,13,5,benzbromarone,benzbromarone,benzbromarone,Liver,/data/RBS_PA_CPGARCHIVE/archives/toxicology/open-tg-gates/images/benzbromarone/Liver/6072.svs,1/1,Rat,Repeat,Gavage,6,4 day,200,mg/kg,False,"[['Ground glass appearance', 'Centrilobular', 'minimal', False], ['Hypertrophy', 'Centrilobular', 'slight', False]]",1,1,Centrilobular,slight
55615,0607_10_3,0607_10_3_L,607,10,3,puromycin aminonucleoside,puromycin_aminonucleoside,puromycin_aminonucleoside,Liver,/data/RBS_PA_CPGARCHIVE/archives/toxicology/open-tg-gates/images/puromycin_aminonucleoside/Liver/55615.svs,1/1,Rat,Repeat,intravenous injection,6,8 day,12,mg/kg,False,[],0,0,,
34332,0319_10_3,0319_10_3_L,319,10,3,iproniazid,iproniazid,iproniazid,Liver,/data/RBS_PA_CPGARCHIVE/archives/toxicology/open-tg-gates/images/iproniazid/Liver/34332.svs,1/1,Rat,Repeat,Gavage,6,8 day,20,mg/kg,False,[],0,0,,
35232,0389_01_2,0389_01_2_L,389,1,2,erythromycin ethylsuccinate,erythromycin_ethylsuccinate,erythromycin_ethylsuccinate,Liver,/data/RBS_PA_CPGARCHIVE/archives/toxicology/open-tg-gates/images/erythromycin_ethylsuccinate/Liver/35232.svs,1/1,Rat,Repeat,Gavage,6,4 day,0,mg/kg,False,[],0,0,,
33697,0305_15_2,0305_15_2_L,305,15,2,ethinylestradiol,ethinylestradiol,ethinylestradiol,Liver,/data/RBS_PA_CPGARCHIVE/archives/toxicology/open-tg-gates/images/ethinylestradiol/Liver/33697.svs,1/1,Rat,Repeat,Gavage,6,15 day,10,mg/kg,False,"[['Change: eosinophilic', 'Periportal', 'minimal', False], ['Hypertrophy', 'Centrilobular', 'minimal', False], ['Vacuolization: cytoplasmic', 'Hepatocyte', 'minimal', False]]",1,1,Centrilobular,minimal
13141,0303_16_3,0303_16_3_L,303,16,3,chlormezanone,chlormezanone,chlormezanone,Liver,/data/RBS_PA_CPGARCHIVE/archives/toxicology/open-tg-gates/images/chlormezanone/Liver/13141.svs,1/1,Rat,Repeat,Gavage,6,29 day,500,mg/kg,False,"[['Hypertrophy', 'Centrilobular', 'moderate', False]]",1,1,Centrilobular,moderate
29053,0197_15_5,0197_15_5_L,197,15,5,coumarin,coumarin,coumarin,Liver,/data/RBS_PA_CPGARCHIVE/archives/toxicology/open-tg-gates/images/coumarin/Liver/29053.svs,1/1,Rat,Repeat,Gavage,6,15 day,150,mg/kg,False,"[['Degeneration: vacuolar', 'Centrilobular', 'minimal', False], ['Hypertrophy', 'Centrilobular', 'slight', False], ['Inclusion body: intracytoplasmic', 'Hepatocyte', 'slight', False]]",1,1,Centrilobular,slight
48029,0589_06_1,0589_06_1_L,589,6,1,ethanol,ethanol,ethanol,Liver,/data/RBS_PA_CPGARCHIVE/archives/toxicology/open-tg-gates/images/ethanol/Liver/48029.svs,1/1,Rat,Repeat,Gavage,6,8 day,400,mg/kg,False,[],0,0,,
54978,0612_04_1,0612_04_1_L,612,4,1,gentamicin,gentamicin,gentamicin,Liver,/data/RBS_PA_CPGARCHIVE/archives/toxicology/open-tg-gates/images/gentamicin/Liver/54978.svs,1/1,Rat,Single,intravenous injection,6,24 hr,0,mg/kg,False,[],0,0,,
47816,0492_11_2,0492_11_2_L,492,11,2,disulfiram,disulfiram,disulfiram,Liver,/data/RBS_PA_CPGARCHIVE/archives/toxicology/open-tg-gates/images/disulfiram/Liver/47816.svs,1/1,Rat,Repeat,Gavage,6,15 day,200,mg/kg,False,"[['Hypertrophy', 'Centrilobular', 'slight', False]]",1,1,Centrilobular,slight
65142,0712_01_3,0712_01_3_L,712,1,3,2-nitrofluorene,2_nitrofluorene,2-nitrofluorene,Liver,/data/RBS_PA_CPGARCHIVE/archives/toxicology/open-tg-gates/images/2-nitrofluorene/Liver/65142.svs,1/1,Rat,Single,Gavage,6,24 hr,0,mg/kg,False,[],0,0,,
6074,0155_14_1,0155_14_1_L,155,14,1,benzbromarone,benzbromarone,benzbromarone,Liver,/data/RBS_PA_CPGARCHIVE/archives/toxicology/open-tg-gates/images/benzbromarone/Liver/6074.svs,1/1,Rat,Repeat,Gavage,6,8 day,200,mg/kg,False,"[['Ground glass appearance', 'Centrilobular', 'minimal', False], ['Hypertrophy', 'Centrilobular', 'moderate', False]]",1,1,Centrilobular,moderate
42921,0517_16_4,0517_16_4_L,517,16,4,ajmaline,ajmaline,ajmaline,Liver,/data/RBS_PA_CPGARCHIVE/archives/toxicology/open-tg-gates/images/ajmaline/Liver/42921.svs,1/1,Rat,Single,Gavage,6,24 hr,300,mg/kg,False,[],0,0,,
46787,0117_12_4,0117_12_4_L,117,12,4,thioacetamide,thioacetamide,thioacetamide,Liver,/data/RBS_PA_CPGARCHIVE/archives/toxicology/open-tg-gates/images/thioacetamide/Liver/46787.svs,1/1,Rat,Repeat,Gavage,6,29 day,15,mg/kg,False,"[['Alteration: nuclear', nan, 'slight', False], ['Cellular foci', nan, 'minimal', False], ['Degeneration: granular: eosinophilic', nan, 'slight', False], ['Hypertrophy', 'Centrilobular', 'slight', False]]",1,1,Centrilobular,slight
46823,0117_15_2,0117_15_2_L,117,15,2,thioacetamide,thioacetamide,thioacetamide,Liver,/data/RBS_PA_CPGARCHIVE/archives/toxicology/open-tg-gates/images/thioacetamide/Liver/46823.svs,1/1,Rat,Repeat,Gavage,6,15 day,45,mg/kg,False,"[['Alteration: nuclear', nan, 'slight', False], ['Degeneration: granular: eosinophilic', nan, 'moderate', False], ['Hypertrophy', 'Centrilobular', 'slight', False], ['Proliferation: oval cell', nan, 'minimal', False]]",1,1,Centrilobular,slight
22545,0349_14_4,0349_14_4_L,349,14,4,quinidine,quinidine,quinidine,Liver,/data/RBS_PA_CPGARCHIVE/archives/toxicology/open-tg-gates/images/quinidine/Liver/22545.svs,1/1,Rat,Single,Gavage,6,6 hr,200,mg/kg,False,[],0,0,,
49648,0543_06_1,0543_06_1_L,543,6,1,chlormadinone,chlormadinone,chlormadinone,Liver,/data/RBS_PA_CPGARCHIVE/archives/toxicology/open-tg-gates/images/chlormadinone/Liver/49648.svs,1/1,Rat,Repeat,Gavage,6,8 day,100,mg/kg,False,[],0,0,,
25644,0093_12_5,0093_12_5_L,93,12,5,phenobarbital,phenobarbital,phenobarbital,Liver,/data/RBS_PA_CPGARCHIVE/archives/toxicology/open-tg-gates/images/phenobarbital/Liver/25644.svs,1/1,Rat,Repeat,Gavage,6,29 day,30,mg/kg,False,"[['Ground glass appearance', 'Centrilobular', 'minimal', False], ['Hypertrophy', 'Centrilobular', 'slight', False]]",1,1,Centrilobular,slight
33956,0366_16_1,0366_16_1_L,366,16,1,imipramine,imipramine,imipramine,Liver,/data/RBS_PA_CPGARCHIVE/archives/toxicology/open-tg-gates/images/imipramine/Liver/33956.svs,1/1,Rat,Repeat,Gavage,6,29 day,100,mg/kg,False,"[['Hypertrophy', 'Hepatocyte', 'moderate', False], ['Inclusion body: intracytoplasmic', 'Hepatocyte', 'minimal', False], ['Vacuolization: cytoplasmic', 'Hepatocyte', 'minimal', False]]",1,1,Hepatocyte,moderate
31083,0242_10_4,0242_10_4_L,242,10,4,methyltestosterone,methyltestosterone,methyltestosterone,Liver,/data/RBS_PA_CPGARCHIVE/archives/toxicology/open-tg-gates/images/methyltestosterone/Liver/31083.svs,1/1,Rat,Repeat,Gavage,6,8 day,100,mg/kg,False,[],0,0,,
47618,0492_02_5,0492_02_5_L,492,2,5,disulfiram,disulfiram,disulfiram,Liver,/data/RBS_PA_CPGARCHIVE/archives/toxicology/open-tg-gates/images/disulfiram/Liver/47618.svs,1/1,Rat,Repeat,Gavage,6,8 day,0,mg/kg,False,[],0,0,,
35151,0350_14_1,0350_14_1_L,350,14,1,quinidine,quinidine,quinidine,Liver,/data/RBS_PA_CPGARCHIVE/archives/toxicology/open-tg-gates/images/quinidine/Liver/35151.svs,1/1,Rat,Repeat,Gavage,6,8 day,200,mg/kg,False,"[['Hypertrophy', 'Centrilobular', 'slight', False]]",1,1,Centrilobular,slight
6095,0155_15_4,0155_15_4_L,155,15,4,benzbromarone,benzbromarone,benzbromarone,Liver,/data/RBS_PA_CPGARCHIVE/archives/toxicology/open-tg-gates/images/benzbromarone/Liver/6095.svs,1/1,Rat,Repeat,Gavage,6,15 day,200,mg/kg,False,"[['Ground glass appearance', 'Centrilobular', 'slight', False], ['Hypertrophy', 'Centrilobular', 'moderate', False]]",1,1,Centrilobular,moderate
16707,0365_15_4,0365_15_4_L,365,15,4,imipramine,imipramine,imipramine,Liver,/data/RBS_PA_CPGARCHIVE/archives/toxicology/open-tg-gates/images/imipramine/Liver/16707.svs,1/1,Rat,Single,Gavage,6,9 hr,100,mg/kg,False,[],0,0,,
33705,0305_16_2,0305_16_2_L,305,16,2,ethinylestradiol,ethinylestradiol,ethinylestradiol,Liver,/data/RBS_PA_CPGARCHIVE/archives/toxicology/open-tg-gates/images/ethinylestradiol/Liver/33705.svs,1/1,Rat,Repeat,Gavage,6,29 day,10,mg/kg,False,"[['Change: eosinophilic', 'Periportal', 'slight', False], ['Dilatation', 'Sinusoid', 'minimal', False], ['Hypertrophy', 'Centrilobular', 'minimal', False], ['Proliferation: Kupffer cell', nan, 'minimal', False], ['Vacuolization: cytoplasmic', 'Hepatocyte', 'minimal', False]]",1,1,Centrilobular,minimal
47920,0492_15_5,0492_15_5_L,492,15,5,disulfiram,disulfiram,disulfiram,Liver,/data/RBS_PA_CPGARCHIVE/archives/toxicology/open-tg-gates/images/disulfiram/Liver/47920.svs,1/1,Rat,Repeat,Gavage,6,15 day,600,mg/kg,False,"[['Hypertrophy', 'Centrilobular', 'slight', False]]",1,1,Centrilobular,slight
47882,0588_16_4,0588_16_4_L,588,16,4,ethanol,ethanol,ethanol,Liver,/data/RBS_PA_CPGARCHIVE/archives/toxicology/open-tg-gates/images/ethanol/Liver/47882.svs,1/1,Rat,Single,Gavage,6,24 hr,4000,mg/kg,False,"[['Microgranuloma', nan, 'minimal', True]]",1,0,,
25562,0093_04_5,0093_04_5_L,93,4,5,phenobarbital,phenobarbital,phenobarbital,Liver,/data/RBS_PA_CPGARCHIVE/archives/toxicology/open-tg-gates/images/phenobarbital/Liver/25562.svs,1/1,Rat,Repeat,Gavage,6,29 day,0,mg/kg,False,[],0,0,,
28994,0197_10_1,0197_10_1_L,197,10,1,coumarin,coumarin,coumarin,Liver,/data/RBS_PA_CPGARCHIVE/archives/toxicology/open-tg-gates/images/coumarin/Liver/28994.svs,1/1,Rat,Repeat,Gavage,6,8 day,50,mg/kg,False,[],0,0,,
33871,0366_05_2,0366_05_2_L,366,5,2,imipramine,imipramine,imipramine,Liver,/data/RBS_PA_CPGARCHIVE/archives/toxicology/open-tg-gates/images/imipramine/Liver/33871.svs,1/1,Rat,Repeat,Gavage,6,4 day,10,mg/kg,False,[],0,0,,
16715,0365_16_3,0365_16_3_L,365,16,3,imipramine,imipramine,imipramine,Liver,/data/RBS_PA_CPGARCHIVE/archives/toxicology/open-tg-gates/images/imipramine/Liver/16715.svs,1/1,Rat,Single,Gavage,6,24 hr,100,mg/kg,False,"[['Hypertrophy', 'Hepatocyte', 'minimal', False]]",1,1,Hepatocyte,minimal
46789,0117_12_5,0117_12_5_L,117,12,5,thioacetamide,thioacetamide,thioacetamide,Liver,/data/RBS_PA_CPGARCHIVE/archives/toxicology/open-tg-gates/images/thioacetamide/Liver/46789.svs,1/1,Rat,Repeat,Gavage,6,29 day,15,mg/kg,False,"[['Alteration: nuclear', nan, 'slight', False], ['Degeneration: granular: eosinophilic', nan, 'slight', False], ['Hypertrophy', 'Centrilobular', 'minimal', False], ['Proliferation: oval cell', nan, 'minimal', False]]",1,1,Centrilobular,minimal
34868,0350_01_5,0350_01_5_L,350,1,5,quinidine,quinidine,quinidine,Liver,/data/RBS_PA_CPGARCHIVE/archives/toxicology/open-tg-gates/images/quinidine/Liver/34868.svs,1/1,Rat,Repeat,Gavage,6,4 day,0,mg/kg,False,[],0,0,,
5757,0155_02_5,0155_02_5_L,155,2,5,benzbromarone,benzbromarone,benzbromarone,Liver,/data/RBS_PA_CPGARCHIVE/archives/toxicology/open-tg-gates/images/benzbromarone/Liver/5757.svs,1/1,Rat,Repeat,Gavage,6,8 day,0,mg/kg,False,[],0,0,,
55609,0607_10_2,0607_10_2_L,607,10,2,puromycin aminonucleoside,puromycin_aminonucleoside,puromycin_aminonucleoside,Liver,/data/RBS_PA_CPGARCHIVE/archives/toxicology/open-tg-gates/images/puromycin_aminonucleoside/Liver/55609.svs,1/1,Rat,Repeat,intravenous injection,6,8 day,12,mg/kg,False,[],0,0,,
35212,0350_16_3,0350_16_3_L,350,16,3,quinidine,quinidine,quinidine,Liver,/data/RBS_PA_CPGARCHIVE/archives/toxicology/open-tg-gates/images/quinidine/Liver/35212.svs,1/1,Rat,Repeat,Gavage,6,29 day,200,mg/kg,False,"[['Hypertrophy', 'Centrilobular', 'slight', False]]",1,1,Centrilobular,slight
42371,0525_11_1,0525_11_1_L,525,11,1,triazolam,triazolam,triazolam,Liver,/data/RBS_PA_CPGARCHIVE/archives/toxicology/open-tg-gates/images/triazolam/Liver/42371.svs,1/1,Rat,Repeat,Gavage,6,15 day,300,mg/kg,False,[],0,0,,
5760,0155_03_1,0155_03_1_L,155,3,1,benzbromarone,benzbromarone,benzbromarone,Liver,/data/RBS_PA_CPGARCHIVE/archives/toxicology/open-tg-gates/images/benzbromarone/Liver/5760.svs,1/1,Rat,Repeat,Gavage,6,15 day,0,mg/kg,False,[],0,0,,
33675,0305_12_3,0305_12_3_L,305,12,3,ethinylestradiol,ethinylestradiol,ethinylestradiol,Liver,/data/RBS_PA_CPGARCHIVE/archives/toxicology/open-tg-gates/images/ethinylestradiol/Liver/33675.svs,1/1,Rat,Repeat,Gavage,6,29 day,3,mg/kg,False,"[['Change: eosinophilic', 'Periportal', 'minimal', False], ['Hypertrophy', 'Centrilobular', 'minimal', False], ['Vacuolization: cytoplasmic', 'Hepatocyte', 'minimal', False]]",1,1,Centrilobular,minimal
29310,0199_10_2,0199_10_2_L,199,10,2,allopurinol,allopurinol,allopurinol,Liver,/data/RBS_PA_CPGARCHIVE/archives/toxicology/open-tg-gates/images/allopurinol/Liver/29310.svs,1/1,Rat,Repeat,Gavage,6,8 day,50,mg/kg,False,[],0,0,,
29041,0197_14_4,0197_14_4_L,197,14,4,coumarin,coumarin,coumarin,Liver,/data/RBS_PA_CPGARCHIVE/archives/toxicology/open-tg-gates/images/coumarin/Liver/29041.svs,1/1,Rat,Repeat,Gavage,6,8 day,150,mg/kg,False,"[['Hypertrophy', 'Centrilobular', 'minimal', False], ['Inclusion body: intracytoplasmic', 'Hepatocyte', 'minimal', False]]",1,1,Centrilobular,minimal
35207,0350_16_2,0350_16_2_L,350,16,2,quinidine,quinidine,quinidine,Liver,/data/RBS_PA_CPGARCHIVE/archives/toxicology/open-tg-gates/images/quinidine/Liver/35207.svs,1/1,Rat,Repeat,Gavage,6,29 day,200,mg/kg,False,"[['Hypertrophy', 'Centrilobular', 'moderate', False]]",1,1,Centrilobular,moderate
13747,0304_16_2,0304_16_2_L,304,16,2,ethinylestradiol,ethinylestradiol,ethinylestradiol,Liver,/data/RBS_PA_CPGARCHIVE/archives/toxicology/open-tg-gates/images/ethinylestradiol/Liver/13747.svs,1/1,Rat,Single,Gavage,6,24 hr,10,mg/kg,False,"[['Increased mitosis', 'Hepatocyte', 'minimal', True]]",1,0,,
63420,0684_16_2,0684_16_2_L,684,16,2,fluoxetine hydrochloride,fluoxetine_hydrochloride,fluoxetine_hydrochloride,Liver,/data/RBS_PA_CPGARCHIVE/archives/toxicology/open-tg-gates/images/fluoxetine_hydrochloride/Liver/63420.svs,1/1,Rat,Repeat,Gavage,6,29 day,30,mg/kg,False,"[['Hypertrophy', 'Hepatocyte', 'minimal', False], ['Vacuolization: cytoplasmic', 'Hepatocyte', 'minimal', False]]",1,1,Hepatocyte,minimal
35745,0389_16_5,0389_16_5_L,389,16,5,erythromycin ethylsuccinate,erythromycin_ethylsuccinate,erythromycin_ethylsuccinate,Liver,/data/RBS_PA_CPGARCHIVE/archives/toxicology/open-tg-gates/images/erythromycin_ethylsuccinate/Liver/35745.svs,1/1,Rat,Repeat,Gavage,6,29 day,1000,mg/kg,False,"[['Hypertrophy', 'Centrilobular', 'slight', False]]",1,1,Centrilobular,slight
12998,0303_02_5,0303_02_5_L,303,2,5,chlormezanone,chlormezanone,chlormezanone,Liver,/data/RBS_PA_CPGARCHIVE/archives/toxicology/open-tg-gates/images/chlormezanone/Liver/12998.svs,1/1,Rat,Repeat,Gavage,6,8 day,0,mg/kg,False,[],0,0,,
43129,0518_06_1,0518_06_1_L,518,6,1,ajmaline,ajmaline,ajmaline,Liver,/data/RBS_PA_CPGARCHIVE/archives/toxicology/open-tg-gates/images/ajmaline/Liver/43129.svs,1/1,Rat,Repeat,Gavage,6,8 day,30,mg/kg,False,[],0,0,,
13340,0262_06_1,0262_06_1_L,262,6,1,pemoline,pemoline,pemoline,Liver,/data/RBS_PA_CPGARCHIVE/archives/toxicology/open-tg-gates/images/pemoline/Liver/13340.svs,1/1,Rat,Repeat,Gavage,6,8 day,8,mg/kg,False,[],0,0,,
29057,0197_16_2,0197_16_2_L,197,16,2,coumarin,coumarin,coumarin,Liver,/data/RBS_PA_CPGARCHIVE/archives/toxicology/open-tg-gates/images/coumarin/Liver/29057.svs,1/1,Rat,Repeat,Gavage,6,29 day,150,mg/kg,False,"[['Degeneration: vacuolar', 'Centrilobular', 'slight', False], ['Hypertrophy', 'Centrilobular', 'slight', False], ['Inclusion body: intracytoplasmic', 'Hepatocyte', 'moderate', False]]",1,1,Centrilobular,slight
29049,0197_15_3,0197_15_3_L,197,15,3,coumarin,coumarin,coumarin,Liver,/data/RBS_PA_CPGARCHIVE/archives/toxicology/open-tg-gates/images/coumarin/Liver/29049.svs,1/1,Rat,Repeat,Gavage,6,15 day,150,mg/kg,False,"[['Degeneration: vacuolar', 'Centrilobular', 'slight', False], ['Hypertrophy', 'Centrilobular', 'slight', False], ['Inclusion body: intracytoplasmic', 'Hepatocyte', 'slight', False]]",1,1,Centrilobular,slight
64840,0691_01_4,0691_01_4_L,691,1,4,amphotericin B,amphotericin_B,amphotericin_B,Liver,/data/RBS_PA_CPGARCHIVE/archives/toxicology/open-tg-gates/images/amphotericin_B/Liver/64840.svs,1/1,Rat,Repeat,intravenous injection,6,4 day,0,mg/kg,False,"[['Necrosis', nan, 'minimal', True]]",1,0,,
60049,0457_07_2,0457_07_2_L,457,7,2,buthionine sulfoximine,buthionine_sulfoximine,buthionine_sulfoximine,Liver,/data/RBS_PA_CPGARCHIVE/archives/toxicology/open-tg-gates/images/buthionine_sulfoximine/Liver/60049.svs,1/1,Rat,Single,intraperitoneal injection,6,9 hr,150,mg/kg,False,[],0,0,,
33923,0366_11_3,0366_11_3_L,366,11,3,imipramine,imipramine,imipramine,Liver,/data/RBS_PA_CPGARCHIVE/archives/toxicology/open-tg-gates/images/imipramine/Liver/33923.svs,1/1,Rat,Repeat,Gavage,6,15 day,30,mg/kg,False,"[['Hypertrophy', 'Hepatocyte', 'minimal', False]]",1,1,Hepatocyte,minimal
25650,0093_13_3,0093_13_3_L,93,13,3,phenobarbital,phenobarbital,phenobarbital,Liver,/data/RBS_PA_CPGARCHIVE/archives/toxicology/open-tg-gates/images/phenobarbital/Liver/25650.svs,1/1,Rat,Repeat,Gavage,6,4 day,100,mg/kg,False,"[['Hypertrophy', 'Centrilobular', 'minimal', False], ['Increased mitosis', nan, 'minimal', False]]",1,1,Centrilobular,minimal
41726,0511_06_1,0511_06_1_L,511,6,1,acarbose,acarbose,acarbose,Liver,/data/RBS_PA_CPGARCHIVE/archives/toxicology/open-tg-gates/images/acarbose/Liver/41726.svs,1/1,Rat,Repeat,Gavage,6,8 day,100,mg/kg,False,[],0,0,,
70937,0684_16_1,0684_16_1_L,684,16,1,fluoxetine hydrochloride,fluoxetine_hydrochloride,fluoxetine_hydrochloride,Liver,/data/RBS_PA_CPGARCHIVE/archives/toxicology/open-tg-gates/images/fluoxetine_hydrochloride/Liver/70937.svs,1/1,Rat,Repeat,Gavage,6,29 day,30,mg/kg,False,"[['Hypertrophy', 'Hepatocyte', 'minimal', False], ['Vacuolization: cytoplasmic', 'Hepatocyte', 'minimal', False]]",1,1,Hepatocyte,minimal
6000,0155_09_2,0155_09_2_L,155,9,2,benzbromarone,benzbromarone,benzbromarone,Liver,/data/RBS_PA_CPGARCHIVE/archives/toxicology/open-tg-gates/images/benzbromarone/Liver/6000.svs,1/1,Rat,Repeat,Gavage,6,4 day,60,mg/kg,False,"[['Hypertrophy', 'Centrilobular', 'slight', False]]",1,1,Centrilobular,slight
59801,0449_07_1,0449_07_1_L,449,7,1,TNF¿,TNF__,TNF¿,Liver,/data/RBS_PA_CPGARCHIVE/archives/toxicology/open-tg-gates/images/TNFa/Liver/59801.svs,1/1,Rat,Single,intraperitoneal injection,6,9 hr,1,Êg/kg,False,[],0,0,,
6098,0155_15_5,0155_15_5_L,155,15,5,benzbromarone,benzbromarone,benzbromarone,Liver,/data/RBS_PA_CPGARCHIVE/archives/toxicology/open-tg-gates/images/benzbromarone/Liver/6098.svs,1/1,Rat,Repeat,Gavage,6,15 day,200,mg/kg,False,"[['Ground glass appearance', 'Centrilobular', 'slight', False], ['Hypertrophy', 'Centrilobular', 'moderate', False]]",1,1,Centrilobular,moderate
34975,0434_06_1,0434_06_1_L,434,6,1,fenofibrate,fenofibrate,fenofibrate,Liver,/data/RBS_PA_CPGARCHIVE/archives/toxicology/open-tg-gates/images/fenofibrate/Liver/34975.svs,1/1,Rat,Repeat,Gavage,6,8 day,10,mg/kg,False,[],0,0,,
46758,0117_10_3,0117_10_3_L,117,10,3,thioacetamide,thioacetamide,thioacetamide,Liver,/data/RBS_PA_CPGARCHIVE/archives/toxicology/open-tg-gates/images/thioacetamide/Liver/46758.svs,1/1,Rat,Repeat,Gavage,6,8 day,15,mg/kg,False,"[['Degeneration: granular: eosinophilic', nan, 'slight', False], ['Hypertrophy', 'Centrilobular', 'minimal', False], ['Single cell necrosis', 'Hepatocyte', 'minimal', False]]",1,1,Centrilobular,minimal
23173,0450_06_1,0450_06_1_L,450,6,1,ranitidine,ranitidine,ranitidine,Liver,/data/RBS_PA_CPGARCHIVE/archives/toxicology/open-tg-gates/images/ranitidine/Liver/23173.svs,1/1,Rat,Single,Gavage,6,6 hr,100,mg/kg,False,[],0,0,,
6080,0155_14_4,0155_14_4_L,155,14,4,benzbromarone,benzbromarone,benzbromarone,Liver,/data/RBS_PA_CPGARCHIVE/archives/toxicology/open-tg-gates/images/benzbromarone/Liver/6080.svs,1/1,Rat,Repeat,Gavage,6,8 day,200,mg/kg,False,"[['Ground glass appearance', 'Centrilobular', 'minimal', False], ['Hypertrophy', 'Centrilobular', 'moderate', False]]",1,1,Centrilobular,moderate
46647,0117_02_5,0117_02_5_L,117,2,5,thioacetamide,thioacetamide,thioacetamide,Liver,/data/RBS_PA_CPGARCHIVE/archives/toxicology/open-tg-gates/images/thioacetamide/Liver/46647.svs,1/1,Rat,Repeat,Gavage,6,8 day,0,mg/kg,False,[],0,0,,
62956,0664_07_2,0664_07_2_L,664,7,2,dexamethasone,dexamethasone,dexamethasone,Liver,/data/RBS_PA_CPGARCHIVE/archives/toxicology/open-tg-gates/images/dexamethasone/Liver/62956.svs,1/1,Rat,Single,Gavage,6,9 hr,1,mg/kg,False,[],0,0,,
50259,0597_15_5,0597_15_5_L,597,15,5,phenylanthranilic acid,phenylanthranilic_acid,phenylanthranilic_acid,Liver,/data/RBS_PA_CPGARCHIVE/archives/toxicology/open-tg-gates/images/phenylanthranilic_acid/Liver/50259.svs,1/1,Rat,Single,Gavage,6,9 hr,2000,mg/kg,False,"[['Change: eosinophilic', 'Hepatocyte', 'slight', False]]",1,0,,
50265,0597_16_2,0597_16_2_L,597,16,2,phenylanthranilic acid,phenylanthranilic_acid,phenylanthranilic_acid,Liver,/data/RBS_PA_CPGARCHIVE/archives/toxicology/open-tg-gates/images/phenylanthranilic_acid/Liver/50265.svs,1/1,Rat,Single,Gavage,6,24 hr,2000,mg/kg,False,"[['Change: eosinophilic', 'Hepatocyte', 'slight', False], ['Increased mitosis', nan, 'minimal', False]]",1,0,,
25682,0093_16_4,0093_16_4_L,93,16,4,phenobarbital,phenobarbital,phenobarbital,Liver,/data/RBS_PA_CPGARCHIVE/archives/toxicology/open-tg-gates/images/phenobarbital/Liver/25682.svs,1/1,Rat,Repeat,Gavage,6,29 day,100,mg/kg,False,"[['Ground glass appearance', 'Centrilobular', 'moderate', False], ['Hypertrophy', 'Centrilobular', 'severe', False], ['Increased mitosis', nan, 'minimal', False]]",1,1,Centrilobular,severe
6877,0154_16_4,0154_16_4_L,154,16,4,benzbromarone,benzbromarone,benzbromarone,Liver,/data/RBS_PA_CPGARCHIVE/archives/toxicology/open-tg-gates/images/benzbromarone/Liver/6877.svs,1/1,Rat,Single,Gavage,6,24 hr,200,mg/kg,False,"[['Hypertrophy', 'Centrilobular', 'minimal', False]]",1,1,Centrilobular,minimal
13131,0303_15_4,0303_15_4_L,303,15,4,chlormezanone,chlormezanone,chlormezanone,Liver,/data/RBS_PA_CPGARCHIVE/archives/toxicology/open-tg-gates/images/chlormezanone/Liver/13131.svs,1/1,Rat,Repeat,Gavage,6,15 day,500,mg/kg,False,"[['Hypertrophy', 'Centrilobular', 'slight', False]]",1,1,Centrilobular,slight
29043,0197_14_5,0197_14_5_L,197,14,5,coumarin,coumarin,coumarin,Liver,/data/RBS_PA_CPGARCHIVE/archives/toxicology/open-tg-gates/images/coumarin/Liver/29043.svs,1/1,Rat,Repeat,Gavage,6,8 day,150,mg/kg,False,"[['Hypertrophy', 'Centrilobular', 'minimal', False], ['Inclusion body: intracytoplasmic', 'Hepatocyte', 'minimal', False]]",1,1,Centrilobular,minimal
23707,0382_16_4,0382_16_4_L,382,16,4,ranitidine,ranitidine,ranitidine,Liver,/data/RBS_PA_CPGARCHIVE/archives/toxicology/open-tg-gates/images/ranitidine/Liver/23707.svs,1/1,Rat,Repeat,Gavage,6,29 day,1000,mg/kg,False,[],0,0,,
25631,0093_11_4,0093_11_4_L,93,11,4,phenobarbital,phenobarbital,phenobarbital,Liver,/data/RBS_PA_CPGARCHIVE/archives/toxicology/open-tg-gates/images/phenobarbital/Liver/25631.svs,1/1,Rat,Repeat,Gavage,6,15 day,30,mg/kg,False,"[['Hypertrophy', 'Centrilobular', 'slight', False]]",1,1,Centrilobular,slight
25646,0093_13_1,0093_13_1_L,93,13,1,phenobarbital,phenobarbital,phenobarbital,Liver,/data/RBS_PA_CPGARCHIVE/archives/toxicology/open-tg-gates/images/phenobarbital/Liver/25646.svs,1/1,Rat,Repeat,Gavage,6,4 day,100,mg/kg,False,"[['Hypertrophy', 'Centrilobular', 'minimal', False], ['Increased mitosis', nan, 'minimal', False]]",1,1,Centrilobular,minimal
47703,0492_06_4,0492_06_4_L,492,6,4,disulfiram,disulfiram,disulfiram,Liver,/data/RBS_PA_CPGARCHIVE/archives/toxicology/open-tg-gates/images/disulfiram/Liver/47703.svs,1/1,Rat,Repeat,Gavage,6,8 day,60,mg/kg,False,[],0,0,,
57783,0428_02_2,0428_02_2_L,428,2,2,theophylline,theophylline,theophylline,Liver,/data/RBS_PA_CPGARCHIVE/archives/toxicology/open-tg-gates/images/theophylline/Liver/57783.svs,1/1,Rat,Repeat,Gavage,6,8 day,0,mg/kg,False,[],0,0,,
6066,0155_13_2,0155_13_2_L,155,13,2,benzbromarone,benzbromarone,benzbromarone,Liver,/data/RBS_PA_CPGARCHIVE/archives/toxicology/open-tg-gates/images/benzbromarone/Liver/6066.svs,1/1,Rat,Repeat,Gavage,6,4 day,200,mg/kg,False,"[['Hypertrophy', 'Centrilobular', 'slight', False]]",1,1,Centrilobular,slight
31126,0242_15_5,0242_15_5_L,242,15,5,methyltestosterone,methyltestosterone,methyltestosterone,Liver,/data/RBS_PA_CPGARCHIVE/archives/toxicology/open-tg-gates/images/methyltestosterone/Liver/31126.svs,1/1,Rat,Repeat,Gavage,6,15 day,300,mg/kg,False,"[['Hypertrophy', 'Hepatocyte', 'minimal', False]]",1,1,Hepatocyte,minimal
13093,0303_12_1,0303_12_1_L,303,12,1,chlormezanone,chlormezanone,chlormezanone,Liver,/data/RBS_PA_CPGARCHIVE/archives/toxicology/open-tg-gates/images/chlormezanone/Liver/13093.svs,1/1,Rat,Repeat,Gavage,6,29 day,150,mg/kg,False,"[['Hypertrophy', 'Centrilobular', 'minimal', False]]",1,1,Centrilobular,minimal
46803,0117_13_5,0117_13_5_L,117,13,5,thioacetamide,thioacetamide,thioacetamide,Liver,/data/RBS_PA_CPGARCHIVE/archives/toxicology/open-tg-gates/images/thioacetamide/Liver/46803.svs,1/1,Rat,Repeat,Gavage,6,4 day,45,mg/kg,False,"[['Cellular infiltration', nan, 'minimal', False], ['Degeneration: granular: eosinophilic', nan, 'slight', False], ['Hypertrophy', 'Centrilobular', 'slight', False], ['Single cell necrosis', 'Hepatocyte', 'slight', False]]",1,1,Centrilobular,slight
13112,0303_13_5,0303_13_5_L,303,13,5,chlormezanone,chlormezanone,chlormezanone,Liver,/data/RBS_PA_CPGARCHIVE/archives/toxicology/open-tg-gates/images/chlormezanone/Liver/13112.svs,1/1,Rat,Repeat,Gavage,6,4 day,500,mg/kg,False,[],0,0,,
60043,0457_07_1,0457_07_1_L,457,7,1,buthionine sulfoximine,buthionine_sulfoximine,buthionine_sulfoximine,Liver,/data/RBS_PA_CPGARCHIVE/archives/toxicology/open-tg-gates/images/buthionine_sulfoximine/Liver/60043.svs,1/1,Rat,Single,intraperitoneal injection,6,9 hr,150,mg/kg,False,[],0,0,,
25648,0093_13_2,0093_13_2_L,93,13,2,phenobarbital,phenobarbital,phenobarbital,Liver,/data/RBS_PA_CPGARCHIVE/archives/toxicology/open-tg-gates/images/phenobarbital/Liver/25648.svs,1/1,Rat,Repeat,Gavage,6,4 day,100,mg/kg,False,"[['Hypertrophy', 'Centrilobular', 'minimal', False], ['Increased mitosis', nan, 'minimal', False]]",1,1,Centrilobular,minimal
6008,0155_09_4,0155_09_4_L,155,9,4,benzbromarone,benzbromarone,benzbromarone,Liver,/data/RBS_PA_CPGARCHIVE/archives/toxicology/open-tg-gates/images/benzbromarone/Liver/6008.svs,1/1,Rat,Repeat,Gavage,6,4 day,60,mg/kg,False,"[['Hypertrophy', 'Centrilobular', 'slight', False]]",1,1,Centrilobular,slight
24938,0099_06_1,0099_06_1_L,99,6,1,clofibrate,clofibrate,clofibrate,Liver,/data/RBS_PA_CPGARCHIVE/archives/toxicology/open-tg-gates/images/clofibrate/Liver/24938.svs,1/1,Rat,Repeat,Gavage,6,8 day,30,mg/kg,False,[],0,0,,
48054,0589_11_1,0589_11_1_L,589,11,1,ethanol,ethanol,ethanol,Liver,/data/RBS_PA_CPGARCHIVE/archives/toxicology/open-tg-gates/images/ethanol/Liver/48054.svs,1/1,Rat,Repeat,Gavage,6,15 day,1200,mg/kg,False,"[['Microgranuloma', nan, 'minimal', True]]",1,0,,
44551,0535_14_4,0535_14_4_L,535,14,4,meloxicam,meloxicam,meloxicam,Liver,/data/RBS_PA_CPGARCHIVE/archives/toxicology/open-tg-gates/images/meloxicam/Liver/44551.svs,1/1,Rat,Single,Gavage,6,6 hr,100,mg/kg,False,[],0,0,,
55374,0613_01_4,0613_01_4_L,613,1,4,gentamicin,gentamicin,gentamicin,Liver,/data/RBS_PA_CPGARCHIVE/archives/toxicology/open-tg-gates/images/gentamicin/Liver/55374.svs,1/1,Rat,Repeat,intravenous injection,6,4 day,0,mg/kg,False,[],0,0,,
33677,0305_12_5,0305_12_5_L,305,12,5,ethinylestradiol,ethinylestradiol,ethinylestradiol,Liver,/data/RBS_PA_CPGARCHIVE/archives/toxicology/open-tg-gates/images/ethinylestradiol/Liver/33677.svs,1/1,Rat,Repeat,Gavage,6,29 day,3,mg/kg,False,"[['Change: eosinophilic', 'Periportal', 'minimal', False], ['Hypertrophy', 'Centrilobular', 'minimal', False], ['Vacuolization: cytoplasmic', 'Hepatocyte', 'minimal', False]]",1,1,Centrilobular,minimal
25668,0093_15_2,0093_15_2_L,93,15,2,phenobarbital,phenobarbital,phenobarbital,Liver,/data/RBS_PA_CPGARCHIVE/archives/toxicology/open-tg-gates/images/phenobarbital/Liver/25668.svs,1/1,Rat,Repeat,Gavage,6,15 day,100,mg/kg,False,"[['Ground glass appearance', 'Centrilobular', 'slight', False], ['Hypertrophy', 'Centrilobular', 'moderate', False]]",1,1,Centrilobular,moderate
46640,0117_02_3,0117_02_3_L,117,2,3,thioacetamide,thioacetamide,thioacetamide,Liver,/data/RBS_PA_CPGARCHIVE/archives/toxicology/open-tg-gates/images/thioacetamide/Liver/46640.svs,1/1,Rat,Repeat,Gavage,6,8 day,0,mg/kg,False,[],0,0,,
33707,0305_16_4,0305_16_4_L,305,16,4,ethinylestradiol,ethinylestradiol,ethinylestradiol,Liver,/data/RBS_PA_CPGARCHIVE/archives/toxicology/open-tg-gates/images/ethinylestradiol/Liver/33707.svs,1/1,Rat,Repeat,Gavage,6,29 day,10,mg/kg,False,"[['Change: eosinophilic', 'Periportal', 'slight', False], ['Hypertrophy', 'Centrilobular', 'minimal', False], ['Proliferation: Kupffer cell', nan, 'minimal', False], ['Vacuolization: cytoplasmic', 'Hepatocyte', 'minimal', False]]",1,1,Centrilobular,minimal
6308,0154_07_1,0154_07_1_L,154,7,1,benzbromarone,benzbromarone,benzbromarone,Liver,/data/RBS_PA_CPGARCHIVE/archives/toxicology/open-tg-gates/images/benzbromarone/Liver/6308.svs,1/1,Rat,Single,Gavage,6,9 hr,20,mg/kg,False,[],0,0,,
71304,0242_16_1,0242_16_1_L,242,16,1,methyltestosterone,methyltestosterone,methyltestosterone,Liver,/data/RBS_PA_CPGARCHIVE/archives/toxicology/open-tg-gates/images/methyltestosterone/Liver/71304.svs,1/1,Rat,Repeat,Gavage,6,29 day,300,mg/kg,False,"[['Hypertrophy', 'Hepatocyte', 'slight', False]]",1,1,Hepatocyte,slight
31135,0242_16_4,0242_16_4_L,242,16,4,methyltestosterone,methyltestosterone,methyltestosterone,Liver,/data/RBS_PA_CPGARCHIVE/archives/toxicology/open-tg-gates/images/methyltestosterone/Liver/31135.svs,1/1,Rat,Repeat,Gavage,6,29 day,300,mg/kg,False,"[['Hypertrophy', 'Hepatocyte', 'slight', False]]",1,1,Hepatocyte,slight
31133,0242_16_3,0242_16_3_L,242,16,3,methyltestosterone,methyltestosterone,methyltestosterone,Liver,/data/RBS_PA_CPGARCHIVE/archives/toxicology/open-tg-gates/images/methyltestosterone/Liver/31133.svs,1/1,Rat,Repeat,Gavage,6,29 day,300,mg/kg,False,"[['Hypertrophy', 'Hepatocyte', 'slight', False]]",1,1,Hepatocyte,slight
46800,0117_13_4,0117_13_4_L,117,13,4,thioacetamide,thioacetamide,thioacetamide,Liver,/data/RBS_PA_CPGARCHIVE/archives/toxicology/open-tg-gates/images/thioacetamide/Liver/46800.svs,1/1,Rat,Repeat,Gavage,6,4 day,45,mg/kg,False,"[['Cellular infiltration', nan, 'minimal', False], ['Degeneration: granular: eosinophilic', nan, 'slight', False], ['Hypertrophy', 'Centrilobular', 'slight', False], ['Single cell necrosis', 'Hepatocyte', 'slight', False]]",1,1,Centrilobular,slight
35742,0389_16_4,0389_16_4_L,389,16,4,erythromycin ethylsuccinate,erythromycin_ethylsuccinate,erythromycin_ethylsuccinate,Liver,/data/RBS_PA_CPGARCHIVE/archives/toxicology/open-tg-gates/images/erythromycin_ethylsuccinate/Liver/35742.svs,1/1,Rat,Repeat,Gavage,6,29 day,1000,mg/kg,False,"[['Hypertrophy', 'Centrilobular', 'slight', False]]",1,1,Centrilobular,slight
13128,0261_16_4,0261_16_4_L,261,16,4,pemoline,pemoline,pemoline,Liver,/data/RBS_PA_CPGARCHIVE/archives/toxicology/open-tg-gates/images/pemoline/Liver/13128.svs,1/1,Rat,Single,Gavage,6,24 hr,75,mg/kg,False,[],0,0,,
58666,0454_02_2,0454_02_2_L,454,2,2,cycloheximide,cycloheximide,cycloheximide,Liver,/data/RBS_PA_CPGARCHIVE/archives/toxicology/open-tg-gates/images/cycloheximide/Liver/58666.svs,1/1,Rat,Single,intravenous injection,6,6 hr,0,mg/kg,False,[],0,0,,
57753,0428_01_2,0428_01_2_L,428,1,2,theophylline,theophylline,theophylline,Liver,/data/RBS_PA_CPGARCHIVE/archives/toxicology/open-tg-gates/images/theophylline/Liver/57753.svs,1/1,Rat,Repeat,Gavage,6,4 day,0,mg/kg,False,[],0,0,,
63426,0684_16_4,0684_16_4_L,684,16,4,fluoxetine hydrochloride,fluoxetine_hydrochloride,fluoxetine_hydrochloride,Liver,/data/RBS_PA_CPGARCHIVE/archives/toxicology/open-tg-gates/images/fluoxetine_hydrochloride/Liver/63426.svs,1/1,Rat,Repeat,Gavage,6,29 day,30,mg/kg,False,"[['Hypertrophy', 'Hepatocyte', 'minimal', False]]",1,1,Hepatocyte,minimal
38195,0442_14_4,0442_14_4_L,442,14,4,sulindac,sulindac,sulindac,Liver,/data/RBS_PA_CPGARCHIVE/archives/toxicology/open-tg-gates/images/sulindac/Liver/38195.svs,1/1,Rat,Single,Gavage,6,6 hr,150,mg/kg,False,[],0,0,,
10630,0241_10_1,0241_10_1_L,241,10,1,methyltestosterone,methyltestosterone,methyltestosterone,Liver,/data/RBS_PA_CPGARCHIVE/archives/toxicology/open-tg-gates/images/methyltestosterone/Liver/10630.svs,1/1,Rat,Single,Gavage,6,6 hr,100,mg/kg,False,[],0,0,,
13099,0303_12_4,0303_12_4_L,303,12,4,chlormezanone,chlormezanone,chlormezanone,Liver,/data/RBS_PA_CPGARCHIVE/archives/toxicology/open-tg-gates/images/chlormezanone/Liver/13099.svs,1/1,Rat,Repeat,Gavage,6,29 day,150,mg/kg,False,"[['Hypertrophy', 'Centrilobular', 'slight', False]]",1,1,Centrilobular,slight
47915,0492_15_4,0492_15_4_L,492,15,4,disulfiram,disulfiram,disulfiram,Liver,/data/RBS_PA_CPGARCHIVE/archives/toxicology/open-tg-gates/images/disulfiram/Liver/47915.svs,1/1,Rat,Repeat,Gavage,6,15 day,600,mg/kg,False,"[['Hypertrophy', 'Centrilobular', 'slight', False]]",1,1,Centrilobular,slight
25560,0093_04_4,0093_04_4_L,93,4,4,phenobarbital,phenobarbital,phenobarbital,Liver,/data/RBS_PA_CPGARCHIVE/archives/toxicology/open-tg-gates/images/phenobarbital/Liver/25560.svs,1/1,Rat,Repeat,Gavage,6,29 day,0,mg/kg,False,[],0,0,,
61823,0631_03_2,0631_03_2_L,631,3,2,indomethacin,indomethacin,indomethacin,Liver,/data/RBS_PA_CPGARCHIVE/archives/toxicology/open-tg-gates/images/indomethacin/Liver/61823.svs,1/1,Rat,Single,Gavage,6,9 hr,0,mg/kg,False,[],0,0,,
35479,0389_04_2,0389_04_2_L,389,4,2,erythromycin ethylsuccinate,erythromycin_ethylsuccinate,erythromycin_ethylsuccinate,Liver,/data/RBS_PA_CPGARCHIVE/archives/toxicology/open-tg-gates/images/erythromycin_ethylsuccinate/Liver/35479.svs,1/1,Rat,Repeat,Gavage,6,29 day,0,mg/kg,False,[],0,0,,
47866,0492_13_3,0492_13_3_L,492,13,3,disulfiram,disulfiram,disulfiram,Liver,/data/RBS_PA_CPGARCHIVE/archives/toxicology/open-tg-gates/images/disulfiram/Liver/47866.svs,1/1,Rat,Repeat,Gavage,6,4 day,600,mg/kg,False,"[['Vacuolization: cytoplasmic', 'Peripheral', 'moderate', False]]",1,0,,
46815,0117_14_4,0117_14_4_L,117,14,4,thioacetamide,thioacetamide,thioacetamide,Liver,/data/RBS_PA_CPGARCHIVE/archives/toxicology/open-tg-gates/images/thioacetamide/Liver/46815.svs,1/1,Rat,Repeat,Gavage,6,8 day,45,mg/kg,False,"[['Alteration: nuclear', nan, 'minimal', False], ['Cellular infiltration', nan, 'minimal', False], ['Degeneration: granular: eosinophilic', nan, 'moderate', False], ['Hypertrophy', 'Centrilobular', 'slight', False], ['Single cell necrosis', 'Hepatocyte', 'slight', False]]",1,1,Centrilobular,slight
59802,0449_07_2,0449_07_2_L,449,7,2,TNF¿,TNF__,TNF¿,Liver,/data/RBS_PA_CPGARCHIVE/archives/toxicology/open-tg-gates/images/TNFa/Liver/59802.svs,1/1,Rat,Single,intraperitoneal injection,6,9 hr,1,Êg/kg,False,[],0,0,,
38209,0442_16_1,0442_16_1_L,442,16,1,sulindac,sulindac,sulindac,Liver,/data/RBS_PA_CPGARCHIVE/archives/toxicology/open-tg-gates/images/sulindac/Liver/38209.svs,1/1,Rat,Single,Gavage,6,24 hr,150,mg/kg,False,"[['Hypertrophy', 'Periportal', 'minimal', False]]",1,1,Periportal,minimal
13139,0303_16_2,0303_16_2_L,303,16,2,chlormezanone,chlormezanone,chlormezanone,Liver,/data/RBS_PA_CPGARCHIVE/archives/toxicology/open-tg-gates/images/chlormezanone/Liver/13139.svs,1/1,Rat,Repeat,Gavage,6,29 day,500,mg/kg,False,"[['Hypertrophy', 'Centrilobular', 'moderate', False]]",1,1,Centrilobular,moderate
38524,0463_10_3,0463_10_3_L,463,10,3,disopyramide,disopyramide,disopyramide,Liver,/data/RBS_PA_CPGARCHIVE/archives/toxicology/open-tg-gates/images/disopyramide/Liver/38524.svs,1/1,Rat,Repeat,Gavage,6,8 day,120,mg/kg,False,[],0,0,,
64836,0691_01_3,0691_01_3_L,691,1,3,amphotericin B,amphotericin_B,amphotericin_B,Liver,/data/RBS_PA_CPGARCHIVE/archives/toxicology/open-tg-gates/images/amphotericin_B/Liver/64836.svs,1/1,Rat,Repeat,intravenous injection,6,4 day,0,mg/kg,False,[],0,0,,
35217,0350_16_4,0350_16_4_L,350,16,4,quinidine,quinidine,quinidine,Liver,/data/RBS_PA_CPGARCHIVE/archives/toxicology/open-tg-gates/images/quinidine/Liver/35217.svs,1/1,Rat,Repeat,Gavage,6,29 day,200,mg/kg,False,"[['Hypertrophy', 'Centrilobular', 'slight', False]]",1,1,Centrilobular,slight
31085,0242_10_5,0242_10_5_L,242,10,5,methyltestosterone,methyltestosterone,methyltestosterone,Liver,/data/RBS_PA_CPGARCHIVE/archives/toxicology/open-tg-gates/images/methyltestosterone/Liver/31085.svs,1/1,Rat,Repeat,Gavage,6,8 day,100,mg/kg,False,[],0,0,,
13088,0303_11_4,0303_11_4_L,303,11,4,chlormezanone,chlormezanone,chlormezanone,Liver,/data/RBS_PA_CPGARCHIVE/archives/toxicology/open-tg-gates/images/chlormezanone/Liver/13088.svs,1/1,Rat,Repeat,Gavage,6,15 day,150,mg/kg,False,"[['Hypertrophy', 'Centrilobular', 'slight', False]]",1,1,Centrilobular,slight
18824,0318_16_4,0318_16_4_L,318,16,4,iproniazid,iproniazid,iproniazid,Liver,/data/RBS_PA_CPGARCHIVE/archives/toxicology/open-tg-gates/images/iproniazid/Liver/18824.svs,1/1,Rat,Single,Gavage,6,24 hr,60,mg/kg,False,[],0,0,,
33701,0305_15_5,0305_15_5_L,305,15,5,ethinylestradiol,ethinylestradiol,ethinylestradiol,Liver,/data/RBS_PA_CPGARCHIVE/archives/toxicology/open-tg-gates/images/ethinylestradiol/Liver/33701.svs,1/1,Rat,Repeat,Gavage,6,15 day,10,mg/kg,False,"[['Change: eosinophilic', 'Periportal', 'minimal', False], ['Hypertrophy', 'Centrilobular', 'minimal', False], ['Vacuolization: cytoplasmic', 'Hepatocyte', 'minimal', False]]",1,1,Centrilobular,minimal
47938,0492_16_3,0492_16_3_L,492,16,3,disulfiram,disulfiram,disulfiram,Liver,/data/RBS_PA_CPGARCHIVE/archives/toxicology/open-tg-gates/images/disulfiram/Liver/47938.svs,1/1,Rat,Repeat,Gavage,6,29 day,600,mg/kg,False,"[['Hypertrophy', 'Centrilobular', 'slight', False]]",1,1,Centrilobular,slight
64437,0688_10_5,0688_10_5_L,688,10,5,butylated hydroxyanisole,butylated_hydroxyanisole,butylated_hydroxyanisole,Liver,/data/RBS_PA_CPGARCHIVE/archives/toxicology/open-tg-gates/images/butylated_hydroxyanisole/Liver/64437.svs,1/1,Rat,Repeat,Gavage,6,8 day,1000,mg/kg,False,[],0,0,,
34341,0319_10_5,0319_10_5_L,319,10,5,iproniazid,iproniazid,iproniazid,Liver,/data/RBS_PA_CPGARCHIVE/archives/toxicology/open-tg-gates/images/iproniazid/Liver/34341.svs,1/1,Rat,Repeat,Gavage,6,8 day,20,mg/kg,False,[],0,0,,
